[
  {
    "name": "Dairy",
    "ingredients": [
      "Acidophilus Milk",
      "Ammonium Caseinate",
      "Butter",
      "Butter Esters",
      "Butter Fat",
      "Butter Oil",
      "Butter Solids",
      "Buttermilk",
      "Buttermilk Powder",
      "Calcium Caseinate",
      "Casein",
      "Caseinate",
      "Cheese",
      "Condensed Milk",
      "Cottage Cheese",
      "Cream",
      "Curds",
      "Custard",
      "Delactosed Whey",
      "Demineralized Whey",
      "Dry Milk Powder",
      "Dry Milk Solids",
      "Evaporated Milk",
      "Ghee",
      "Goat Cheese",
      "Goat Milk",
      "Half & Half",
      "Hydrolyzed Casein",
      "Hydrolyzed Milk Protein",
      "Iron Caseinate",
      "Lactalbumin",
      "Lactoferrin",
      "Lactoglobulin",
      "Lactose",
      "Lactulose",
      "Low-Fat Milk",
      "Magnesium Caseinate",
      "Malted Milk",
      "Milk",
      "Milk Derivative",
      "Milk Fat",
      "Milk Powder",
      "Milk Protein",
      "Milk Solids",
      "Natural Butter Flavor",
      "Nonfat Milk",
      "Nougat",
      "Paneer",
      "Potassium Caseinate",
      "Pudding",
      "Recaldent",
      "Rennet Casein",
      "Sheep Milk",
      "Sheep Milk Cheese",
      "Skim Milk",
      "Sodium Caseinate",
      "Sour Cream",
      "Sour Milk Solids",
      "Sweetened Condensed Milk",
      "Sweet Whey",
      "Whey",
      "Whey Powder",
      "Whey Protein Concentrate",
      "Whey Protein Hydrolysate",
      "Whipped Cream",
      "Whipped Topping",
      "Whole Milk",
      "Yogurt",
      "Zinc Caseinate"
    ]
  },
  {
    "name": "Vegetable",
    "ingredients": [
      "acorn squash",
      "alfalfa sprout",
      "amaranth",
      "anise",
      "artichoke",
      "arugula",
      "asparagus",
      "aubergine",
      "azuki bean",
      "banana squash",
      "basil",
      "bean sprout",
      "beet",
      "black bean",
      "black-eyed pea",
      "bok choy",
      "borlotti bean",
      "broad beans",
      "broccoflower",
      "broccoli",
      "brussels sprout",
      "butternut squash",
      "cabbage",
      "calabrese",
      "caraway",
      "carrot",
      "cauliflower",
      "cayenne pepper",
      "celeriac",
      "celery",
      "chamomile",
      "chard",
      "chayote",
      "chickpea",
      "chives",
      "cilantro",
      "collard green",
      "corn",
      "corn salad",
      "courgette",
      "cucumber",
      "daikon",
      "delicata",
      "dill",
      "eggplant",
      "endive",
      "fennel",
      "fiddlehead",
      "frisee",
      "garlic",
      "gem squash",
      "ginger",
      "green bean",
      "green pepper",
      "habanero",
      "herbs and spice",
      "horseradish",
      "hubbard squash",
      "jalapeno",
      "jerusalem artichoke",
      "jicama",
      "kale",
      "kidney bean",
      "kohlrabi",
      "lavender",
      "leek ",
      "legume",
      "lemon grass",
      "lentils",
      "lettuce",
      "lima bean",
      "mamey",
      "mangetout",
      "marjoram",
      "mung bean",
      "mushroom",
      "mustard green",
      "navy bean",
      "new zealand spinach",
      "nopale",
      "okra",
      "onion",
      "oregano",
      "paprika",
      "parsley",
      "parsnip",
      "patty pan",
      "pea",
      "pinto bean",
      "potato",
      "pumpkin",
      "radicchio",
      "radish",
      "rhubarb",
      "rosemary",
      "runner bean",
      "rutabaga",
      "sage",
      "scallion",
      "shallot",
      "skirret",
      "snap pea",
      "soy bean",
      "spaghetti squash",
      "spinach",
      "squash",
      "sweet potato",
      "tabasco pepper",
      "taro",
      "tat soi",
      "thyme",
      "topinambur",
      "tubers",
      "turnip",
      "wasabi",
      "water chestnut",
      "watercress",
      "white radish",
      "yam",
      "zucchini"
    ]
  },
  {
    "name": "Fruits",
    "ingredients": [
      "apple",
      "apricot",
      "avocado",
      "banana",
      "bell pepper",
      "bilberry",
      "blackberry",
      "blackcurrant",
      "blood orange",
      "blueberry",
      "boysenberry",
      "breadfruit",
      "canary melon",
      "cantaloupe",
      "cherimoya",
      "cherry",
      "chili pepper",
      "clementine",
      "cloudberry",
      "coconut",
      "cranberry",
      "cucumber",
      "currant",
      "damson",
      "date",
      "dragonfruit",
      "durian",
      "eggplant",
      "elderberry",
      "feijoa",
      "fig",
      "goji berry",
      "gooseberry",
      "grape",
      "grapefruit",
      "guava",
      "honeydew",
      "huckleberry",
      "jackfruit",
      "jambul",
      "jujube",
      "kiwi fruit",
      "kumquat",
      "lemon",
      "lime",
      "loquat",
      "lychee",
      "mandarine",
      "mango",
      "mulberry",
      "nectarine",
      "nut",
      "olive",
      "orange",
      "pamelo",
      "papaya",
      "passionfruit",
      "peach",
      "pear",
      "persimmon",
      "physalis",
      "pineapple",
      "plum",
      "pomegranate",
      "pomelo",
      "purple mangosteen",
      "quince",
      "raisin",
      "rambutan",
      "raspberry",
      "redcurrant",
      "rock melon",
      "salal berry",
      "satsuma",
      "star fruit",
      "strawberry",
      "tamarillo",
      "tangerine",
      "tomato",
      "ugli fruit",
      "watermelon"
    ]
  }
]
